alpha_values,beta_values,attack_value
-0.0547536699403826,-0.0340695640612128,1
-0.0701705523196403,-0.0208847818944067,1
-0.0234697168098765,-0.201482395638882,1
0.685714342665497,-0.693681869614217,1
-0.0795962006350612,0.00465662172264136,1
0.00837482885223251,0.00875517162513662,1
-0.0169511930578263,0.0150286810254425,1
-0.0659657561687446,-0.0538549445043401,1
-0.0222190796963924,0.0283535363371301,1
0.00992000919650904,-0.00464294428223599,1
0.00103744744326617,0.017272707016127,1
-0.0335037149340113,-0.0200892762004545,1
-0.0515090908917022,0.00971365904917376,1
-0.0252264536492788,0.0450990931534008,1
0.0544749321907283,7.44752717167785e-05,1
-0.0275507860015709,0.0139534744769498,1
-0.050176190059753,0.0295097896279811,1
0.00512291395785391,0.00117616373801654,1
-0.0107934791179136,0.0117380948444993,1
-0.0366793016063551,0.0958486495944317,1
-0.06478820423205,-0.00423973763893271,1
0.122218763817116,-0.0946082514337024,1
-0.0574256610217532,0.0203841948753112,1
-0.056582944492401,0.0557343371273011,1
-0.0326709986870359,-0.00213247127957339,1
-0.0395145774819363,0.0372441256782717,1
0.0286380789170502,-0.00608123598494115,1
0.578518752635742,0.602860556425548,1
-0.02642897924738,0.0368571801525062,1
0.0894660386460167,0.00864733336246837,1
0.0388305307331651,-0.0786370961374347,1
-0.0545233276514294,-0.0058202472164014,1
-0.0290653199137765,0.153294643797935,1
0.00848717136022881,0.0122766418401015,1
0.012151056214319,-0.00945076841709136,1
-0.0148147307680475,-0.0239202254833728,1
-0.03265333915266,0.0450999314906405,1
-0.0633175072853938,-0.018201388504191,1
0.0240782064459117,-0.000573464542670044,1
0.0496758928394967,0.0226223209227845,1
0.0852117544352635,-0.0394759885567213,1
0.128148446868759,0.00526749487712819,1
-0.10326910900713,-0.80546120455844,1
-0.025731178249881,-0.0283447399305387,1
0.0335575895366231,0.00412627527415621,1
-0.0117086345589936,0.0105974758815539,1
0.0448786757489883,0.0131994622795408,1
-0.0103922537750638,0.0368949742146863,1
-0.0342407310911921,0.0441973325622128,1
-0.0300787477795494,0.0172830693257071,1
-0.0174012591300061,-0.0318134070756438,1
0.00767918425539005,-0.00593418647467114,1
0.0326529141329952,0.0251577778917126,1
-0.0164912884069321,0.00210369662329346,1
0.0221335409784749,-0.0433732833764808,1
-2.01077924311122e-07,-0.0556379568899344,1
0.0608984403096122,0.00991343377440779,1
0.000226272511796077,-0.0252637650626144,1
-0.0389191860451281,0.0225001078123657,1
0.0264411904615711,-0.0653992335228059,1
-0.00945992610912061,-0.014520660725968,1
-0.0724885398404429,-0.0643657885148053,1
-0.00145996128638437,0.0110763044804877,1
-2.26527907543073e-10,-0.00448890691860493,1
0.0140112723640733,-0.0151947994136412,1
-0.00160773592124763,0.0130970507008388,1
0.0942202813058979,-0.0661958079711147,1
-0.0287136182140797,0.0145977824305623,1
-0.0539550376186899,-0.00445500121682385,1
-0.0179368771215309,0.0138052869679666,1
-0.0217217421872131,0.027360813794687,1
-0.0180284610915247,-0.00129913409258897,1
-1.85946051889374e-07,0.00735230439830259,1
0.0243775956354433,-0.0214400675678743,1
-0.0270524361368589,-0.0209252481934108,1
-0.0380067806558471,0.00575084862625497,1
0.00803887988257168,-0.00232787007452062,1
-0.0682759666204602,-0.00523161474503087,1
-0.015139462033684,-0.0100681731185799,1
-0.019418453043071,0.0113178003332415,1
-0.0558494166028727,-0.0156503974561096,1
0.02732614719681,0.0399069083321395,1
-0.0298500615359796,0.00754002892730221,1
0.0286233098905277,0.0387536717845997,1
0.00926625818632365,0.0069799342074357,1
-0.0270719509240736,-0.000779055681185969,1
-0.0147462686606592,0.00507000628151655,1
-0.0229996344632413,0.00750441432927218,1
-0.0298934652266645,-0.04207942360797,1
0.0213271147203671,-0.0376528414938614,1
-0.0199192603798466,0.00969974973927901,1
-0.0317219873850489,-0.0343142601000268,1
-0.0122705129187823,-0.00361540480684097,1
0.0189755606105386,-0.00759228893728348,1
-0.0113321684568231,-0.0314261128904388,1
-0.0455781867076959,-0.0355216955960196,1
-0.0652998265364058,-0.016154003094915,1
3.83833547068502e-05,-0.00505618020000731,1
0.0198485278702139,-0.0107878886517236,1
-0.047166372496168,0.0595831430695846,1
-0.04631880668915,0.00345704274877567,1
0.0257238473184951,0.000311712811841058,1
0.0120414565344198,0.0266548423694217,1
-0.0703504708482261,0.0455546932827239,1
0.02582440997867,0.0194348305357989,1
0.051856207480987,0.0479655542737223,1
-0.0294289444618736,-0.00862845390778677,1
-0.0287385288778519,-0.00267519836312546,1
-0.0109395418721472,0.0203448879655453,1
0.00429434481094892,-0.0163842101329968,1
0.121267196272321,0.0142794997855883,1
-0.243557903296116,-0.339132221787106,1
-0.0275334318217277,-0.0171347252905081,1
0.127911699322346,-0.0424905103350768,1
-0.0324669001355502,-0.0248735716241759,1
0.326530620030042,1.50492485083377,1
-0.0489953228279822,-0.0093051600184082,1
0.0218481801119221,0.0397683229998933,1
-0.0164041100847063,0.0142191891343785,1
-0.0658289055803369,0.0507189978067653,1
0.0417817773972564,-0.0169421676092106,1
0.0121087036735172,0.0362784461733662,1
0.0240973054132443,0.0118280003963522,1
-0.0258458629994895,0.0439022820871681,1
-0.022716718573321,-0.0391719330676706,1
0.0326531543516695,-0.014873049348747,1
-0.00339963400350496,-0.0101210958239548,1
0.517993238494778,-1.1750534900605,1
-0.0589487909915762,0.0268168724920029,1
-0.02526771045951,0.005291267522329,1
0.0653062551256067,-0.0278705646031489,1
-0.0399117138624301,0.0416656922766031,1
-0.0327600162862132,0.0222497846258578,1
-0.0118398662948054,-0.0518123078200222,1
0.07079791100099,0.00537728466566012,1
0.0523342697973344,0.0241829794599603,1
0.0202369220353809,-0.00718234284550934,1
0.0493685743008201,0.0249608059123286,1
0.0709479200799619,0.0417020801057881,1
-0.025999160156527,0.00923574742727751,1
0.00159981659683139,0.00952785836522319,1
-0.0356267822364662,0.0139775179815106,1
0.00861353738567283,-0.0138895021806463,1
-0.0287579998169976,0.0447154442179942,1
-0.0314672873487267,-0.0457150446731803,1
0.0816502244070001,0.104031275890202,1
-0.0444784702218994,-0.014282303292966,1
0.0513527030769247,-0.00466990696365177,1
-0.0213479009700357,-0.0183171918681719,1
-0.0103568393317239,-0.0260178871839707,1
-0.0501735136002455,0.10768527192757,1
-0.0254583752719022,0.0120123672952139,1
0.00388496205396871,-0.00279112694031358,1
-0.0276367043632539,-0.00197532761582231,1
0.0143223076941303,-0.0138664803208305,1
-0.0191077614551745,0.000164835273089303,1
-0.0127583869604824,0.0205880369409355,1
-0.0187560080669491,-0.0269387448073679,1
-0.0542176316879031,0.0602738063800097,1
-0.0433687533423748,0.00616782676805894,1
0.0117694724564397,-0.0389969438527336,1
0.0416223612988906,0.0189989289565307,1
0.0830437695610269,0.0141248066714909,1
-0.0253787103680212,0.00954173249156143,1
-0.044172332018372,-0.0326445049625564,1
-0.000777452281393032,0.0732561194969444,1
0.0267267148676709,0.00293335502316538,1
-0.0204763094259681,-0.00456021405590623,1
-0.0153611971718508,0.00385463744666636,1
-0.0207026747169747,0.0251755472070927,1
0.077112028040524,0.0439042804399659,1
0.0678433466782229,-0.0130584830626108,1
-0.0653061820610146,0.0707789475594771,1
-0.0181664696443178,0.00356837684819633,1
0.0668303496970435,0.0518649520250177,1
0.032653227672031,-0.0220352582749119,1
0.00306200516662636,0.0158802818400217,1
-0.0410414675501862,0.000322428004521202,1
0.064729701810585,0.0040869354685884,1
-0.0278638453403133,-0.0521050147302692,1
-0.0573892431577323,0.0535626925975806,1
-0.00551906283725767,0.0140550436122593,1
0.0410129438071949,-0.116665743973889,1
-0.0123074742592968,0.0542862851731889,1
-0.0450362281508923,-0.0153558411319522,1
0.0145024103876927,-0.016529302133564,1
-0.0493221850664223,-0.0059765325839567,1
0.0391557187465852,0.0277940802654641,1
-0.0413748808281045,-0.0155781805690027,1
-0.0164282003300043,-0.011880957406432,1
0.0379023447554854,-0.0791871595509207,1
0.0207737311688754,-0.00768682687117217,1
0.0101939546062737,-0.0122250615934872,1
0.0657984608652578,0.0600213158851313,1
-0.00954603659875031,0.0128446844208584,1
-0.040578481947668,-0.0174670108621233,1
-0.0282611241552979,0.0309872243978744,1
0.0353562300056784,0.00310174167142985,1
0.0263780319170062,0.0195336631255421,1
0.82536527705332,-1.01606349431432,1
-0.0495455328854655,-0.0647133195785732,1
-0.00473074621490932,0.0210669449614663,1
0.075952938734638,0.0445907242217379,1
0.48979561589359,0.58259421611301,1
-0.0236043197080285,0.0582594585109572,1
-0.023471066583697,0.0440693315800504,1
0.0586406582513557,-0.0789304681343801,1
-0.0212921477547983,-0.138218384670541,1
-0.0294559139272483,0.0327087616430262,1
0.0887581554336421,0.100958879600955,1
-0.0389239168841151,0.0125811964355644,1
-1.25359714830964e-07,0.00163716468213737,1
0.0173723788151072,-0.0570176754632871,1
0.034940647617296,-0.0237905560459434,1
-0.0509886173379985,0.0009366577880775,1
-0.0232697835730848,0.0557128505279355,1
0.00443371482221688,-0.0184237140331075,1
-0.0413643163977853,-0.0220139458509951,1
0.00920159568146861,-0.0781830394193714,1
0.112863733513777,-0.247801888994391,1
-0.0760492364098035,0.0446592100869229,1
0.0127755558739062,-0.0338082494726191,1
0.0337852836036048,-0.0639196296190458,1
2.91265839447163e-07,0.0507102866396872,1
-0.0383779606505503,-0.0387344500292344,1
0.0773455369725435,0.0242486189309215,1
-0.00822629813724474,0.0110424476708726,1
-0.0376264025821571,-0.0157952240504595,1
-0.0444935337675914,0.0798575265634245,1
0.0214085400502984,-0.00927398522086675,1
0.0701909107581291,0.000130701856367987,1
-0.0326529995409455,-0.0466829078785141,1
0.0796841212363664,-0.0152504294466643,1
-0.0194831634513235,0.0234218553380372,1
0.0506056948247215,0.0743099902952138,1
-0.0568598639424409,0.00988154090252946,1
-0.0136549128858348,0.0216506505390277,1
0.0219736690136088,0.0099295243433638,1
0.0058973763624699,0.00569006440741293,1
1.23234952686957e-07,-0.00169212641529504,1
-0.059218336506039,-0.0439498199896693,1
0.00811883667864732,0.0380960749236217,1
-0.0217477940641324,0.00837632142680134,1
-0.0653061176359091,0.0139231819989964,1
-9.31277083138227e-05,-0.0156633677777391,1
-0.0200387646151357,0.0329727239706066,1
-0.0140156128102276,0.110404337063671,1
5.95693536720177e-08,-0.00465083908228503,1
-0.052307622022792,0.0498924670015648,1
-0.0293326192893721,0.00511601715154231,1
0.0240201653090841,0.00345777697921479,1
-0.00144051850797045,0.0190400553729743,1
-0.0209468563154951,0.00860817521065815,1
0.0222535443175793,-0.00207788882403837,1
-0.0412119352653126,-0.0143949311269616,1
0.0171108234779944,0.0187765115266032,1
-0.0684595977415705,0.0610843795423978,1
0.0556699317693401,0.101165029057485,1
-0.04075832876525,0.00580608497196478,1
-0.0335715061156694,0.0188820576249751,1
0.0621472437471045,0.0197348771939693,1
-0.0629589015038963,0.0915983970309537,1
-0.032653107751536,0.0104758229235861,1
-0.0351681702039841,0.0209088535633566,1
-0.0412165118379584,0.0587695271935719,1
0.0247956390532349,-0.0347475457888409,1
-0.0237358648501471,0.00951782061722839,1
0.0559101368235013,-0.0433704044607282,1
-0.0121939932624844,0.00575271929844057,1
0.0326531587703902,0.0380323268792577,1
-0.0326530731502033,0.00122781823486018,1
-0.00591452767896294,-0.0679336445323695,1
0.0703939799091473,-0.0039744304250825,1
-0.0310002055592511,0.0286114352643512,1
-0.0476574033493335,0.00131568267042925,1
-0.0230463192132675,-0.00269528270581476,1
-0.0499844348978742,-0.000800405017297168,1
0.0258343494409519,0.0234700927890417,1
0.0585665216558127,-0.103186897411875,1
-0.0191697971011682,-0.0580860131999441,1
0.0324821104033295,-0.0332242698284471,1
-0.0295220685241198,0.0129359888102186,1
0.0383025799561563,-0.0132252767518206,1
0.0390497890551225,0.127632844049815,1
-0.0731751153227127,0.0603541354394328,1
0.0332364987356517,0.0247517527552521,1
0.0560412583543406,-0.0197203823129669,1
-0.0251405384293326,-0.158096147939148,1
0.0307305470970767,0.0345774641329297,1
-0.0420987637248595,0.0100338880297615,1
-0.0216951231376157,-0.0379846346277073,1
0.816326560498487,-1.07422105473436,1
0.220234788705759,-0.0305543117621112,1
-0.00426645120681668,-0.0476281868859524,1
-0.0102939153134853,0.0448636433123444,1
-0.0551689365845938,0.0046619089261577,1
-0.0114935540004761,-0.0317653096592249,1
0.0209221482888635,-0.0141030292179847,1
0.0141563170932615,-0.00991893548100653,1
-0.03188659685107,0.0174142730030352,1
-0.018523643256994,0.0238233840888955,1
-0.0144967892977845,0.00478085584984811,1
0.0301568731198731,-0.0285666204410471,1
-0.0208340384369126,0.0998349513442225,1
-0.019172087836391,-0.062361322903598,1
0.0416903306084215,-0.204676470289993,1
-0.04143932047093,0.0216423030923207,1
-0.322603816072314,-0.329411660518796,1
-0.0157436328013028,0.00508136797919523,1
-0.0360961446384287,-0.0294078819921536,1
0.0298250968060885,-0.172388136338679,1
-0.0387639336237708,-0.0098702975642122,1
-0.0402679744593422,-0.0688063820759592,1
-0.00803339071721365,-0.000260725177616994,1
0.081556992974708,-0.0167355581628347,1
-0.0373658141685449,0.0585029417799305,1
-0.0597492409266498,0.0490578996248536,1
0.0535964149010375,-0.0233949065497909,1
-0.0197020246579567,-0.0219888631276831,1
-0.0326524090118174,-0.15074621354188,1
-0.0519353385237673,0.0338400876471913,1
-0.0377161329971012,0.00513611778588707,1
-0.056003851816671,-0.0661787352275016,1
-0.0546755924543687,0.0281550082854463,1
0.0247752332613194,0.0466118603031191,1
0.00438395999069607,-0.00420892932719719,1
-0.0466578986485544,0.000274041345930565,1
-0.0257658478146223,0.00252174092875412,1
0.0287171850549897,0.0151361198921669,1
-0.0553566761475404,-0.0234142930073915,1
-0.0213419895976801,0.0361009129381911,1
-0.0226592100761964,0.0103603661340812,1
-0.0412565675147873,-0.0234523377017569,1
-0.00504827097591787,0.00678718521925514,1
-0.0240010213538333,0.00387465840754841,1
0.00636803927713414,0.0204045244958492,1
-0.0493911080191427,-0.0203280786859799,1
-6.34797867604675e-08,0.03010234813837,1
-0.0253286654888967,0.022267987989083,1
-0.0248271515799379,0.0471340374203832,1
0.0208506724626396,-0.0544520577888221,1
0.0615108845607863,0.0491785971466747,1
0.102067771697461,0.019081768953664,1
0.00171461840313958,-0.0139480412888964,1
-0.00536856761103555,-0.00233851891001113,1
0.0285881945728803,-0.0306733104591262,1
-0.0351103445820593,0.050792002015748,1
-0.0196817742280966,-0.0455683804540281,1
0.130612537443602,-0.0364876051487796,1
-0.0347790838600868,0.00540371195952394,1
-0.0339458390833192,-0.0101474292953614,1
-0.0393628677678319,-0.02593095967935,1
-0.00412516099227167,0.031163342820552,1
0.0579012193059059,-0.00628775157784345,1
0.041104226493774,-0.0130253073335439,1
-0.0326529541355056,0.0240967809287348,1
-0.0340212414290264,-0.00846909431526266,1
0.0216530079647459,-0.495834868652467,1
-3.49211782602055e-07,0.00286724571127228,1
-0.0582452604584691,0.00244354472409536,1
-0.0853087676475597,-0.0136700918015081,1
0.0361197062683534,0.104013342337982,1
0.0151146899072157,0.14798830784434,1
0.0458852429765151,0.0224845846488599,1
0.0550207490599717,-0.0383379558801645,1
0.00662567810067927,-0.00677114879386309,1
-0.0325973831263715,-0.0474253382920754,1
0.060064145519259,0.0188134628130787,1
-0.0361288093850753,0.0966221589998512,1
0.0108976446822324,0.0175928094298232,1
0.00424479692263002,0.0490642324252271,1
-0.0180913356924941,-0.0616840632015351,1
0.0303129150580295,0.0223770845397631,1
-0.0277096706804334,-0.0464068637597037,1
-0.0602713154336549,-0.047153911586715,1
-0.024233078348683,0.03800100251014,1
-0.0286028756442156,0.0297590529227003,1
0.0165481209290732,0.0161213400507234,1
0.124870592929853,-0.0601970050726564,1
0.000121222081796546,0.035392615359859,1
-0.0370388760549443,0.0280839832047225,1
0.0130205899051172,-0.00503707376937812,1
-0.026937276553338,0.027850549047271,1
-0.0722900905474897,0.0623582014254591,1
-0.0197940669775976,0.0655295486523014,1
-0.0211829460181292,-0.0579558886576145,1
-0.02630468356536,0.00811356134955754,1
-0.0372753082293023,-0.0497123093386743,1
0.0147305628025731,0.00588642848973575,1
-0.0239459894943908,-0.0016499923315092,1
-0.031833633114533,-0.00417899019912638,1
-0.0157804286217846,0.0386532877211196,1
-0.00321755336099505,-0.00771618667007012,1
0.000761805345577349,0.0301324621037624,1
0.0191702831130067,-0.00183058136951053,1
-0.230017052383897,-0.45031006842449,1
-0.0291331976075033,-0.00861818045964502,1
0.0429890627533169,0.0199051921592048,1
0.00246436113281434,0.0390667707068197,1
-0.0146129609904213,0.00193870993576717,1
-0.0575569011325066,0.0405483609268036,1
0.0136812744879631,-0.0366255289058321,1
-0.0507167175885879,-0.0014115625206772,1
-0.0302187054764758,0.0312227259084097,1
0.0533531729877597,0.131537034472726,1
-1.86460358042595e-07,0.000320133486308105,1
0.0520072567829986,-0.0229094638781899,1
-0.036572785075474,0.00526387285415031,1
0.0840531741905437,0.0109615866487216,1
5.30072336690779e-07,-0.0502738308854735,1
0.0331632415944487,-0.0213164533895666,1
-0.0522752977875098,0.00776740121229547,1
-0.0556683192597054,0.0354426997703217,1
-0.00737660234664128,0.00662010621139608,1
0.0352648297990144,-0.0559990730709147,1
-0.0823167109131728,0.0617604246868309,1
-0.0207828475673024,0.000467584117519682,1
-0.0195600899137425,-0.00414629193603711,1
0.00552053661350982,0.0594427289429439,1
-0.0385157993757006,-0.0197308434776071,1
-0.000806097172361353,0.0089597851221167,1
-0.00525472733466792,0.0141047248703912,1
-0.00235921109776704,-0.0259915499940226,1
-0.00896697984288597,0.0321587354795625,1
-0.00922080393533986,-0.00431991268432808,1
0.0858541889939699,0.0290385518622827,1
0.0354623809123666,-0.00603354088751995,1
0.0317774477991093,0.0033575619429308,1
0.0131462562239966,-0.0107769357478577,1
0.00236308417673192,-0.0492043832751179,1
-0.0155354475405083,-0.0289690642450181,1
-0.0326744402125543,0.0244132485363697,1
-0.0103964893081925,0.0761507679208292,1
-0.0376204470138326,-0.020410234167505,1
-0.0182266558250819,-0.0538860465424315,1
0.0540471379340062,-0.0148374477293003,1
-0.0232649415087056,0.0139847124846384,1
0.000714181256977531,-0.0333699682115809,1
-0.00844254563772795,0.0107800667113027,1
0.0309600136251678,-0.0105993038569359,1
0.00638530160421036,0.0134226917192779,1
-0.0335850671963414,-0.0534354567426583,1
0.00898315477728673,0.00721610013561524,1
-0.0409677522677969,0.125859462003726,1
-0.0646857914221379,-0.0349837976395556,1
-0.00234438043914142,0.0191037343723983,1
-0.0144940784759433,0.0139370658676106,1
-0.0449507616241349,-0.0205953078305668,1
0.0261571346811273,-0.0350631869060498,1
-0.0658336416210124,0.0243292956025551,1
0.00486153251544086,-0.0186089279307788,1
-0.0571547298545572,-0.0295909786931072,1
-0.00373960980667021,0.00710824827722001,1
-0.0231412546890506,0.0149350390114168,1
-0.0369129574105369,-0.00674645227842696,1
-0.0279893222055765,0.0362516026228707,1
-0.0146062160154055,0.00470066142209091,1
-0.00140701548260869,-0.161634323660471,1
-0.0152783578139422,-0.0189014302487571,1
0.00773457280565082,0.0020171886202891,1
-0.00742786093047965,-0.0211835807480001,1
0.0088827241206868,0.0841638235883662,1
-0.0629461469179349,-0.0494264055702445,1
-0.0061773724985541,-0.0313021831521949,1
0.0929849404771808,-0.0779452929894356,1
-0.0700944214152894,0.0154022833957961,1
-0.00745502230416539,-0.000642265307332135,1
-0.0323878080201649,0.0199296066942739,1
-0.0843996314893558,-0.00542647969101795,1
0.0485906281479007,0.0380001535815886,1
0.0534083511904484,-0.0908389056901477,1
0.0109141339485079,0.0222511505663489,1
-0.00931554979245042,0.0055550762616513,1
0.0057577292790536,0.0319782319930535,1
-0.0064044619249084,0.0320648995276049,1
7.01275690850878e-08,0.0119406141070549,1
-0.00791487515868017,-0.00953670947394902,1
0.00540688152025814,-0.00739499548782951,1
0.0575201104612766,0.0540088105039453,1
-0.00521886633974677,-0.00305640146598707,1
-0.0326528133523809,-0.0437317337023969,1
0.00557872576871277,0.0218979629231115,1
-0.0045863399594761,0.014081863725118,1
-0.0166769993317748,-0.015494760313411,1
-0.0326530104308194,-0.0110063406656148,1
0.0483445870191235,0.0114612908255964,1
0.105789384518052,0.00474528590330237,1
-0.00366955339373609,-0.0380707689743877,1
-1.12974978705438e-07,0.0329809048927554,1
0.053684342704404,0.0343473044399156,1
-0.000122493385134259,-0.0123326717884537,1
-0.0177566533057261,-0.0911054099958405,1
0.0481448077269684,0.00164664136103809,1
0.01253080712397,-0.058010454590935,1
0.0410234213413154,-0.0235259881883612,1
-0.0326711649295484,0.0375927410758865,1
0.0104205238768167,-0.0116315569159811,1
0.0824578063474111,0.0109796071389243,1
-0.0448501710624138,-0.0837187654583992,1
-0.0653063774030533,-0.0239381742323677,1
0.00651904345757615,0.0049116350946764,1
0.00509439442690751,0.0288206783405162,1
-8.72884438063437e-08,-0.0304257205146488,1
-0.717621728480395,-0.709454899697197,1
-0.0432701306842223,-0.0280131008738869,1
-0.0171076562551977,0.0475127156489866,1
-0.00617185363840678,0.0305349592850512,1
-0.0254182882139804,0.0763247687699161,1
-0.00471791458075344,0.0346756587374709,1
0.000752441149326488,0.00790528572843452,1
-0.0264991085629083,-0.0165065499348392,1
0.014737760472564,0.114688330728817,1
-0.0566563092946166,0.0591865322803954,1
-0.0199424623847628,0.00326293362810337,1
0.0463868725583507,0.0327415334864629,1
-0.019374381282832,0.0481309588563552,1
-0.0309908816538094,0.00634711684697153,1
0.0178638743606174,0.0161678683782314,1
-0.0885159661699828,-0.00885593114325633,1
-0.0154602644096082,-0.0261086812170147,1
-0.0287306261492517,-0.0365841590383684,1
0.041092210926053,-0.0189392840465685,1
-0.013312481400042,-0.0149069022214293,1
-0.0649585186670789,0.150284510458708,1
-0.0529401216017864,0.00307386675331767,1
-0.00595148792225597,-0.0251774523327744,1
0.0665626206403347,-0.0201469569668421,1
0.0229561073751818,-0.0249746444550251,1
-0.0464577082905635,0.0105010335570457,1
0.0904200070477863,0.00476327921514152,1
0.12172094696585,0.0560751626648071,1
1.09275776427609e-07,-0.00117645697688573,1
0.0435310205176631,-0.00574234765172132,1
0.0557987322616644,-0.0883745281388649,1
-0.0474907043195978,0.00612526774207389,1
-0.0344247831558928,-0.00960560816763811,1
-0.0711908560975274,-0.037177788262273,1
-0.0221787442746662,-0.0183785370284144,1
0.0133775168260719,-0.0426895931213482,1
-0.0154525135359496,-0.00663714479453581,1
-0.0837904112768226,-0.00531823819796329,1
0.0125051203693367,0.0168203161629977,1
0.0414676408207644,-0.0363353427986798,1
-0.0349821580205791,0.0501107168717945,1
-0.0360045972067413,0.0403778096596089,1
0.0215327978733406,0.027566069413245,1
-0.0045114069001766,0.0197353777198491,1
-0.0768255353534135,0.00518120179987558,1
-0.0355604033713424,0.0278699880145634,1
0.0334776642453003,-0.0565164292794964,1
0.0953150449490816,-0.0388301653002303,1
-0.0147349439123181,0.00972250581364942,1
-0.00881768308868613,0.0209440641288173,1
0.0410623461029043,0.0260000106337989,1
-0.00119448382920084,-0.0276832543604637,1
-0.0182926036876834,0.00398228549937785,1
0.0121925339699622,-0.00884248719519054,1
-0.0140188935255463,0.0483009480923762,1
0.0229049363490681,-0.0130215322518689,1
-0.0291739202074259,-0.0307247547452565,1
-0.0546467962859145,0.00321268242134298,1
-0.00829531426636887,-0.00627983197112592,1
-0.0154874541643841,0.00538697710962377,1
-0.0365120696995331,-0.021858367334826,1
-0.0289189034657062,0.0100714848387037,1
0.00811230625213133,-0.00405527123538785,1
0.00205177454115613,0.0199095205188179,1
-0.0362227062291964,0.0619716855274738,1
-0.0121859793140684,0.018503054370524,1
-0.0274316933043641,-0.0236239615695191,1
-0.0128748588971916,-0.159552084875307,1
-0.0201142680975179,0.0106064111906848,1
-0.0141672489243341,-0.00794730871982541,1
0.068849114332671,0.0413605174478164,1
0.022682080429099,-0.0288505111847261,1
-0.0207301425217112,0.167868229729841,1
-0.0224373348265494,0.0529954693558162,1
0.012956459110772,-0.0121510049984697,1
0.0282246326172326,-0.00165153400862905,1
-0.0291088612051793,-0.0154225707013825,1
-0.0563488689489942,0.0100259159773304,1
-0.00583494517865968,0.0476337393846344,1
0.0283516094850114,-0.0120472570391462,1
-0.0729534069702782,-0.0110586320462895,1
0.0386783459175533,0.0228849364939998,1
-0.0089589520040767,0.0434620333983469,1
-0.0488204934243277,0.0176992004469756,1
0.0668855872521728,0.275716761609456,1
0.0245587310419493,0.0604942826034511,1
0.0735388060695301,-0.0384238991036217,1
0.0652991696767917,0.193511702270093,1
-0.0650990727699223,0.0278475098153638,1
0.0150336753146452,0.0475468439944402,1
7.65952694603556e-08,-0.0047963763990958,1
-0.0326529733442056,0.0324497362741035,1
0.0113240661635567,-0.0244898105096236,1
-0.0290424881145563,0.0557268046468284,1
0.0679545466720639,-0.0227785013883866,1
-0.0326530118893704,-0.0776573345055593,1
-0.011999721783157,0.0137850487365855,1
-0.00724773875252316,-0.0587988413975078,1
-0.00199597211038594,0.0351130429862452,1
0.00744163432781875,-0.0299275506700849,1
-0.0707649047133192,0.000569530424565867,1
0.000811683648896278,-0.0209338171424703,1
-0.00590149930463713,-0.0257470808225138,1
-0.0128546918976131,-0.0297698386567501,1
0.718367151330169,-0.75337132170018,1
-0.0326535818348286,-0.010355585445319,1
-0.0252709214188909,-0.0366623313994783,1
-0.0595807543369526,-0.00337392869095654,1
-0.0369898002313849,-0.0155672245595027,1
0.0701686873051899,-0.00446993615778102,1
-0.0372473056978826,0.0448026338711904,1
0.0173146131939583,-0.00367488066640675,1
0.299470164915006,0.163412706827879,1
-0.025569336323563,0.0147064867920554,1
-0.027477845203232,-0.0440968370352824,1
-0.0280895940255408,-0.0464445518571062,1
-0.0539913950901965,0.0445488616181587,1
0.0247532416738792,-0.00476348357323342,1
-0.00214590802023351,-0.0174373503056702,1
0.00812797203114046,0.0645996272412754,1
-0.0326529659621764,0.0389722120725993,1
-0.0337867253520299,0.0397332146210928,1
0.0802114677456978,-0.071118409726928,1
0.0326531288484668,0.0120757077755336,1
-0.0139386694388099,0.0259590365150981,1
-0.0338859538401521,0.000959278141272613,1
-0.0542460074472215,-0.0405808251622449,1
-0.0397479561989209,-0.000761037883011406,1
-0.0167179504648782,-0.0248409816241073,1
-0.0217931213482518,-0.00262090490830236,1
0.117314234895983,0.0361977302449897,1
0.0129439195600234,0.0754265513311532,1
0.000599988586115652,-0.0239479403403602,1
-0.0237315243816421,0.013856654299333,1
0.0547580335700628,0.0152545557688786,1
0.0337067296509703,-0.0422194130767091,1
-0.00515564519468037,0.0213915622975098,1
-0.0576696021298153,0.0656668905169662,1
-0.0363657095634538,-0.0234946905265493,1
0.030134190516413,0.155595069934611,1
-0.0730532517842091,-0.0330039135937464,1
-0.0530362035171081,-0.0485664466340775,1
-0.0188134081784177,-0.0441119950192611,1
-0.0226035029215699,0.0242269350791241,1
-0.0715501854199483,0.0922717989523445,1
-0.0367638829279522,0.00442713605653078,1
0.0203032459762975,-0.0150244026239096,1
0.0201361962878255,-0.010525423462564,1
-1.03682110452752e-07,-0.0444323442789405,1
0.00179605562167917,-0.00832850494374349,1
-0.0145839651874953,-0.0300105605811974,1
-0.0411253974660224,0.0071635586231491,1
-0.0326527224873772,0.0361538327011059,1
-0.0425350127506765,-0.0248883106677633,1
-0.00917469214532662,0.0191315553151034,1
-0.078011127416721,-0.0302287426419914,1
-0.0237138001927539,0.0726467970345079,1
0.00541102541075245,-0.002862787485576,1
-0.0140868845575544,0.0170123918896504,1
-0.00352641440049761,-0.0225901689680327,1
-0.00470447085074932,-0.0347334795787083,1
-0.0212042397527854,-0.0170386093370778,1
0.00668093774105549,-0.00197421577276913,1
0.0326081178853435,0.0464412703652953,1
-0.033714469927183,0.0633137741023666,1
-0.0098408169670412,0.0297897177906977,1
-0.0124783185627682,-0.0566998952528843,1
-0.0354158648557612,0.00181990059782966,1
0.0245794569056939,0.113445587106552,1
-0.0410108195662671,0.00041816953770224,1
-0.0370638345592265,-0.0356825289510228,1
-0.00563676049731066,-0.0415222464679346,1
-0.0301445964183629,-0.00551376051757912,1
0.0263391371179347,-0.0275540287077176,1
0.0136450144032048,-0.0211030673106954,1
-0.0456533836885757,0.00519036923193639,1
0.026166799113394,0.200900151236237,1
-0.026104793346025,-0.021974549871989,1
0.0709979044150322,0.154257360218817,1
-0.00647885801274728,-0.0120303665518056,1
-0.030922347156811,0.0563081515845989,1
-0.045188902585813,-0.0038371740612142,1
-0.034409821351763,0.0187799520033425,1
-0.0108012132753266,-0.0115647541206378,1
-0.125959976110238,-0.143819430595154,1
-0.0202077389635624,0.18641538536068,1
0.0973702660516635,-0.0253927673346723,1
-0.0783118165817527,-0.0262446228012851,1
-0.0254034964989593,-0.0880707094960805,1
-0.0848586329660312,0.0451605328609206,1
-0.00351757683673615,0.00604770088484141,1
-0.0119539263822539,-0.0210312483419656,1
-0.0461014200966474,0.0231796728924096,1
-0.0626865347611232,0.0112116834686879,1
-0.0116496016849172,0.00646950598415275,1
-0.0296029992972522,0.0157647971115118,1
-0.0635373538672681,-0.0313252478360927,1
-0.0510724173905852,-0.0469892629365875,1
-0.00378438670166226,-0.0125895878014558,1
0.0523226804266628,0.0407955138859325,1
-0.0326534405262,0.0844700340867401,1
-0.0326531986852703,-0.0370578783601607,1
-6.20936404835959e-05,-0.0608873399155987,1
0.066089394572018,-0.0272188127137676,1
0.00145160235198305,0.0269797138371436,1
-0.0571013544924985,-0.0207343787736252,1
-0.0455851958289581,-0.0195189552706981,1
-0.00325889481870156,0.0255902583972965,1
-0.0813529301559146,0.0135001183727379,1
-0.0516111708637146,0.00899420165880449,1
0.00568617781618808,-0.0120975078025856,1
-0.0155466814253808,0.0302487303465347,1
0.0134036970290314,-0.0271810233969947,1
0.0802270371445568,-0.00469277985253769,1
0.0320002829192578,0.0679601882544556,1
0.0625791047525999,-0.0464563899826271,1
0.0278143645802955,-0.0510112766685886,1
-0.0326529687421093,-0.0196569741593809,1
-0.00602982593049073,-0.00891718697366772,1
-0.047727989832731,0.00832658700478739,1
-0.0311970721359587,0.0461249388334557,1
0.00929466779928889,-0.028934578956153,1
-0.0635762506911408,0.017063217303581,1
0.00707972908044963,-0.0473375938390527,1
-0.0295081482878961,0.0275029989843154,1
0.0108467860180397,0.0170602122297736,1
0.0146588089347879,-0.0160617255581353,1
-0.0210287413709063,0.00791915068777471,1
-0.0468775605863727,-0.0625510462305033,1
-0.0311597534906145,0.0214360678462229,1
-0.00259918290881345,0.0728893731667977,1
0.0080903018125289,0.070690970892229,1
-0.0108242662390443,-0.0183849109164278,1
-0.0302390967126431,-0.0372595512838777,1
-0.024908657560246,-0.0169037473932261,1
0.164866505421787,0.0746453523491086,1
-0.0529383726125405,0.00797061992587889,1
0.03643525606227,0.0585013131185439,1
-0.00963180259752505,0.0115400659989708,1
0.000728755518978774,0.0483560671818335,1
-0.0416971502870958,-0.0405428437225144,1
0.0113639353430022,-0.029136502277717,1
0.186677970633539,-0.305540526041009,1
0.014664475054303,0.0295809267434575,1
0.0126144502579517,-0.00782421351905638,1
-0.0379948104572643,-0.0434790361403402,1
0.00137309408952668,-0.0506961832790076,1
0.105970886642584,-0.000683556331249724,1
-0.0376109019288957,-0.0199824604982379,1
-0.0319666724676637,-0.0323424810894937,1
-0.0413118308420872,0.0134579534171338,1
0.00997958542871213,0.0277754393739744,1
-0.0352288055114534,0.0153953826827509,1
0.00211223492433499,0.00964435035914102,1
-0.0514202219904407,0.04572559403884,1
-0.016650190488793,-0.0224170067762011,1
-0.04626225705131,-0.0207124839493052,1
0.186301587767487,0.03122300452282,1
0.0365227799376859,-0.0430311267624823,1
0.0358489983500188,0.00939500858112474,1
-0.028466417612226,0.0154466483531814,1
-0.0151431109783859,-0.00669367692336498,1
-0.0502667796460183,0.0337936285764717,1
0.0430861855905662,0.162664171094361,1
-0.032652802679269,-0.0112608573844113,1
-0.00682545016502978,0.00820045819829462,1
-0.0218859552065103,-0.047504835417141,1
-0.00987914495642639,-0.0657404783882936,1
0.0110414577895213,0.0195202094794329,1
-0.0334304534426486,0.012462728385457,1
0.0052274932917078,-0.0169334908597152,1
0.0256608936580842,0.00205455917587083,1
-0.0624117322859976,0.0966069152395315,1
-0.0282391064942098,-0.00026967523354382,1
-0.0273664306698009,-0.0110704251406901,1
-0.0325017121939364,-0.0145788192840612,1
-0.527616719766566,-0.745442212658622,1
-0.0405006089147431,-0.0731912714620799,1
-0.0331417916492367,-0.019096449440926,1
0.0155702293270794,-0.0179728790529884,1
0.130271718433354,0.142947556989715,1
-0.0373591119676933,0.0232530806857525,1
8.40866043461119e-08,-0.000622633598102884,1
-0.00634701136149629,0.0185113784997574,1
0.0530438879690422,-0.173608449717367,1
-0.0319997181193916,-0.044033232237064,1
0.0371938640724923,-0.0202050501488119,1
-0.0128905577801324,-0.0353490275604241,1
0.0565971114209489,-0.125694683548194,1
-0.0326531751406354,0.0160987846115058,1
0.000310142232083699,-0.00358287629293597,1
0.0123538347203072,0.0364923843788862,1
0.0099219960338659,0.100774287438812,1
-0.0251611115338415,0.0372349819555404,1
-0.0384655928916162,-0.0149224898466052,1
-0.0555854629097636,-0.0750298480617,1
-0.0447180328399821,0.0103091523293636,1
-0.0352105814408652,0.00730256157303466,1
0.0110769237327337,-0.0481879893805559,1
-0.0387065612390909,-0.0282682611534193,1
0.00722037709656043,0.0102213062702348,1
-1.9830522668407e-07,0.0307943085641924,1
0.00815836108921886,0.0249707918996456,1
-0.0645834627887958,-0.0755224498894096,1
-0.0342679359577125,0.0109564061308927,1
-0.0247889100231886,0.00791154077125733,1
-0.0424776310494837,-0.04747005587119,1
-1.15310295090154e-07,-0.00261493077344466,1
0.0217960784665681,-0.050529964947237,1
-0.0652623412990754,-0.00774137247731455,1
-0.0373299170817882,0.00281411719496527,1
0.0209523012357937,-0.0365512167048142,1
-0.0776069216732225,-0.0166661134903325,1
-0.00281678526938012,-0.017595743385747,1
0.0607620542570588,-0.0145380362301453,1
0.0221484721238325,-0.00547119362329573,1
-0.0176185758263248,-0.0253869200733414,1
-0.00260522467346203,-0.0309983523101069,1
0.0326683733046218,0.0473566790396061,1
0.0326529362174326,-0.0250581155407594,1
-0.0599621076072003,-0.01751376230692,1
-0.0180031634125863,0.0499069290286572,1
-0.0012412229323524,-0.0083418202807225,1
-0.0128018400480896,-0.0642931645512681,1
-0.0169822650492106,0.00685903482576133,1
-0.049841344564344,-0.024812541937752,1
-0.00247327748210013,-0.0163920055272083,1
-0.00207357735522828,-0.0667406727542575,1
-0.032653170623359,-0.030496145137782,1
-0.0129785622895759,-0.0747343620727463,1
-0.0251746973512366,-0.0819196822297868,1
0.114949941401744,-0.0167496614457333,1
-0.0337706715486634,0.00878272612466635,1
-0.0289906655318981,-0.0195737025751381,1
0.0379490202554718,0.0883619782352089,1
0.0295086017995589,0.0483301523806358,1
0.00823641538049436,-0.0437497548496851,1
-0.0245855691437304,-0.0358211031697697,1
-0.0734152623645552,0.258932657955776,1
0.0343897218028588,0.00339382465142801,1
-0.013096483093642,0.00820794637125699,1
0.000603040302948443,0.0333937014769956,1
-0.0262222730273787,0.0455645840598093,1
0.0352820039864989,-0.0222611875836969,1
-0.0235655118785087,0.0285828164073191,1
-0.0348804518342245,0.014202756599192,1
-0.032896469846512,-0.011520917482174,1
0.0240407937245553,0.00583666548386264,1
0.00440908806985396,-0.07781050455056,1
-0.0622918350489667,-0.0333341701255303,1
-0.0305024569893322,-0.00030369790952578,1
0.0314848265408754,0.0711996578671265,1
-0.0340694377973689,-0.051160698249039,1
-0.0241898453966747,0.0161132584568213,1
-0.0490875166992137,0.001252392207159,1
-0.022290876673732,-0.0120358946966855,1
-0.0310284903702001,0.0173302409428862,1
0.163265557360149,-0.0049444558165751,1
-0.0242378950682212,0.000516858704374679,1
0.034624151337818,0.0495921728350093,1
0.0326532003049702,-0.00907625667165335,1
0.114780040654742,0.120813297134563,1
-0.04640889364196,0.0151999498997297,1
0.047572315720019,0.00959632913109199,1
-0.0323565944802839,-0.0225158709951866,1
0.000408402595470925,0.100813652055861,1
-0.0403318951880414,-0.0522565870085713,1
0.0183256898920312,-0.00424961986123396,1
-0.0403908843906784,-0.0465919978788312,1
-0.0230657457608552,-0.0259901450618688,1
-0.0440069762266737,-0.0250976342324939,1
0.018825577423359,0.0137170894561699,1
-0.0484127060751505,0.0925153189779938,1
0.012096602517768,0.0140572938219876,1
-0.0347665444046021,-0.0259217058353531,1
0.0288667920013186,-0.000572959697806241,1
-0.0131094053161209,-0.00527711690863986,1
0.0519990799367682,-0.0177106980011461,1
-0.0090593110627224,0.0173487055429069,1
-0.0383058954072057,-0.0364636668622168,1
-0.0431802626797284,-0.0353133278075961,1
-0.0444613483901488,-0.0171915221289719,1
0.074622011946236,0.038331051226087,1
0.00185929401736895,-0.0301396961193399,1
-0.00964502304270387,0.0294295216164475,1
-0.0370837875250281,0.0021475884117077,1
0.00142647098617776,0.0170578036733999,1
0.0593874071783864,-0.0596016307471149,1
-0.0239656099780625,0.0799527153292453,1
-0.0438072092835167,-0.0268986223115034,1
-0.0511701601850902,-0.0212630039674371,1
0.0276574069612576,0.0197928357357585,1
-0.064218260767118,-0.0229502933847242,1
-0.0339307450291806,0.000406784074806099,1
0.000672239119223095,0.0418962428576581,1
-0.0580842882236408,-0.0663837539280679,1
-0.0309939172732518,0.00131261935317317,1
-0.0326530297596326,0.00375524838112029,1
-0.0452203299856921,0.0176411339987861,1
0.0813698897855704,-0.00756858935533855,1
0.00311796535102138,0.00921519840272067,1
-0.000134726076507885,-0.0363332498258926,1
-0.0100784319887941,-0.00538036549019927,1
0.0115688157499567,0.018339429826048,1
-0.0482514254872624,0.00968955224879176,1
0.0251422532987311,-0.0120775986651643,1
0.015614752130463,0.0216064646232952,1
0.0294678249787357,-0.0548021966200424,1
0.0049528494980744,-0.0102554558025747,1
-0.0224147187656534,0.000113333179868391,1
0.00909826206313125,-0.00181859519158489,1
-0.0143884300526316,0.0133531792463286,1
0.0158793466688911,0.01417666124715,1
0.0662621931361396,-0.0610372686571368,1
0.0330478308927975,-0.0276875443160711,1
-0.0422243927933266,0.0287991233206357,1
-0.0547290551357393,0.0336330148537842,1
-3.87103494481345e-06,-0.0272332571596218,1
-0.0135029389812142,-0.00623586247562269,1
-4.04198090553365e-08,-0.0292434806029246,1
-0.00424816640575743,0.0210651284642864,1
-0.0203967607986404,0.0215424811850039,1
0.0168969511061428,0.0666391710553663,1
0.0195361502168061,0.0171434181656915,1
-0.0717936570554318,0.0684246142894211,1
0.0112107276687083,-0.0277293760228767,1
-0.0234445264562735,0.00662652332253788,1
-0.00802112560406476,0.0142190165481426,1
-0.065306288325778,0.024765241303028,1
-0.0190077770050112,0.0490045367009428,1
-0.00521127619176442,-0.0247350377500081,1
0.0511935784723025,0.0618982688229477,1
-0.00786180409255177,0.0326598617510061,1
-0.0188057285897703,0.015725308253081,1
-0.00796162187716476,-0.0162258774724764,1
0.042134010909481,-0.0193610217101611,1
-0.0214590271603252,-0.00848645894142153,1
-0.0247380641881296,0.0123220632906169,1
-0.0228806813991758,-0.00973391205351004,1
0.0326531651619471,0.0212602625447149,1
1.07948523453416e-08,-0.0102702348089716,1
-0.0366600810696591,-0.0115757869241511,1
0.00838127715816084,0.000977812727347427,1
0.0363926764955116,0.00292675774418338,1
0.00387360142678128,0.00843645774424395,1
-0.0355830301399456,0.0047526154176486,1
-0.000294178632390674,-0.0391370822132723,1
-0.0356678260035377,-0.0139998193253437,1
-0.0129846114753858,-0.064451398611805,1
-0.0306307781808479,0.0207522694705407,1
0.0305517255096051,0.0236773297769625,1
-0.047396866922792,-0.0240727660696425,1
-0.0326531840024735,-0.02933519073583,1
-0.0230287341286566,0.00810879146220589,1
-0.016941680003612,0.0373635005164316,1
-0.0399153987317808,0.0085046001517366,1
-0.0149495354908435,-0.00131409578879449,1
-0.0224176071474538,-0.00228251942102453,1
-0.0381696084067213,-0.0170187821140377,1
0.0369065264000097,0.0397498751625938,1
-0.101618059825693,0.13855404951132,1
-0.0288462322566569,0.040023646859798,1
0.0433350569290623,-0.0429112513400227,1
0.0195526627186,-0.00614799684527456,1
-0.0025030328307305,0.00314351123719669,1
-0.0153635259957934,-0.0574859925770078,1
-0.0528557600236648,0.016149154479939,1
-0.00449751323970182,-0.0356013258580755,1
-0.0163719191032496,0.0599657674894204,1
0.0077824762413099,0.0643774704436295,1
0.0649961321895245,0.0132550273386166,1
0.00261726973836329,0.0201823175085615,1
-0.0326078910039653,0.0486444632758951,1
-0.0696295343629965,-0.00420951896277932,1
0.00871749763680829,0.0117871309494229,1
0.0472728144625949,-0.0166358849058879,1
-0.014966896267832,0.443014845233893,1
0.0334696656847833,0.119354080320307,1
-0.0115837405782224,-0.017327408573564,1
-0.00116859067870956,-0.0194366593263079,1
0.881619843228165,-0.992707843946082,1
0.000588051655338706,-0.117088550628513,1
0.0145323140333802,0.0140910916162393,1
0.0320909689808166,0.0121121904168408,1
0.00909257910513905,-8.76818053129336e-05,1
0.0337567922245203,-0.00507472109789753,1
0.0335208569624019,0.000955793960282558,1
-0.00737958933816252,0.021501283930405,1
-0.0249197290169481,-0.00208123228021484,1
-0.0251658875465386,-0.0159822992690991,1
0.00399270397192986,-0.0105062467976627,1
0.0175993604094549,0.0195466107117639,1
-1.75433646720791e-07,-0.0186666175222356,1
-0.0489193693664285,0.00969321811021762,1
0.0500661386346188,-0.0634342544586666,1
0.02665626537864,0.0681103233964575,1
-0.040173425555772,0.0657339718844568,1
-0.0279002056620337,0.0153415042268948,1
-0.0254210977847287,0.0178581845424757,1
-0.0117665270301344,0.0120043639826783,1
-0.0608758404574306,-0.0438916272960315,1
0.042527499919738,-0.0365850385953133,1
-0.000445996213953137,0.00128761658187493,1
0.0238552977809821,0.0350820063238477,1
-0.0247661817637728,-0.0190995586811171,1
-0.0198378569160202,-0.00732320635687178,1
-0.115928713533934,-0.0440487286024516,1
-0.0415666982617817,-0.0588867541913016,1
-0.0326528639459212,-0.0124581821964529,1
0.0258692582828093,0.00220713004170725,1
0.00839584385657566,0.000991192619754777,1
-0.0063098894332756,-0.0423415444130035,1
0.00732823109169622,-0.0198491394033649,1
0.169170303439374,-0.00623849814502164,1
-0.00555868884412059,0.0154495478886201,1
0.0484773050333163,-0.0146180590327863,1
-0.0349804952635235,-0.106483810951975,1
-0.0220840513431828,0.0166713263660343,1
0.0545920325455507,-0.0233341236310045,1
-0.035010490140114,-0.00853449822509755,1
0.00751587992756964,-0.000582697544414645,1
-0.0264598551222326,0.0337963232507187,1
-0.0302395827518336,0.0124896592340293,1
0.0244482227826475,0.0335547609704132,1
-0.0387363206279754,-0.0594761435862695,1
-0.0413462010413139,-0.00347431678789012,1
-0.018343457109977,-0.036894532016674,1
-0.00827821116349714,-0.000832718399811583,1
-0.0101551308253487,0.0030417160474614,1
-0.00167354297803501,0.0286536786410923,1
-0.0404208412461247,0.00791947036809726,1
0.0108089915384311,0.0243735581459721,1
0.0120969900127692,0.0179679957065408,1
-0.0140194442621613,-0.00620715467474164,1
0.0586835645244961,0.0597097842441038,1
0.00561112804425612,-0.0276320882207332,1
-0.0150456940573835,-0.0663989620304432,1
-0.0101021475518568,0.00226033049213481,1
-3.51225166950186e-07,-0.0352703964189935,1
0.0221348269944328,0.0172964615999949,1
-0.0199597510329879,-0.0261263426788294,1
0.0230521288615615,-0.012757897423082,1
-0.0459358713317397,0.0455004563574792,1
-0.00121730096959105,-0.0408654511774422,1
-0.00309438692654807,0.0339417431242025,1
0.0284967524945259,0.0258824841064196,1
0.00448374635707349,-0.0236261258908569,1
0.00709202978425849,0.0349968142454444,1
0.00370070007016854,-0.01200846697719,1
-0.00711923672992376,0.0194434893875409,1
-0.022145192140397,0.00539685912549781,1
0.0421376052087277,-0.0447689588665086,1
0.0284874275287508,-0.0316470230073861,1
0.00388048468417734,-0.0482253900666745,1
-0.0420669785025816,-0.0436977675636924,1
-0.0411028832652895,0.00169556614719057,1
0.00256629872577996,0.0374761473582379,1
-0.0267858865098602,-0.053419328167462,1
-0.0183041642840562,0.0252682814963198,1
-0.0326530521911927,-0.0124679178019742,1
-0.0208473463258119,0.0390582934955921,1
-0.0166120286810454,-0.0223352761161294,1
0.0326637250069719,-0.100811142966434,1
-0.034049560207853,0.0610062991957809,1
-0.0263303705479312,0.06459149731848,1
-0.021495508660083,-0.0457461055121127,1
-0.0149019663837824,-0.0123511174769471,1
-0.00526933760419568,0.0232080906873344,1
-0.0326530576169326,0.0217979903597838,1
-0.000804030968077907,0.0567826562012002,1
-0.0121157767205879,0.0252237950923603,1
-0.025901317433255,0.017150970504404,1
-0.032931722957475,0.116933559644686,1
0.0119955700847558,0.0229009538171635,1
0.0415331227640263,0.0144501833588071,1
0.0412877568597412,0.0179443247122091,1
0.872149268193639,0.820308738552895,1
-0.0555152668616363,0.0502752160111877,1
-0.0469929894967922,-0.00108242224360811,1
0.0016702927233434,-0.0336068098432056,1
-0.023763513748061,-0.198333600630793,1
0.0280438655516577,-0.0291666946071154,1
-0.0322981768530257,-0.0404814748884881,1
0.0166774472179547,0.0761795675840737,1
-0.044902820453713,0.0513954381898134,1
-0.0283063423212664,0.0542975849634749,1
-0.0740376827387217,-0.0252643318175212,1
-6.56020293643422e-08,-0.0194446088628442,1
0.0187430555688228,-0.0039598299938064,1
-0.0355392082714554,0.0185419563029334,1
-0.0323509180059072,-0.0465918931424294,1
-0.0572222500552395,-0.0062248086820399,1
-0.0142739907554659,0.0191865119233945,1
-0.00702993165924237,0.0575777867690457,1
-0.0292538245302467,-0.0380139685099908,1
0.0165413747178622,-0.0195425256223074,1
-0.000261376167947303,-0.051643633962424,1
-0.00277008271923695,-0.0425224409097563,1
-0.0452451145448716,0.0286654882389403,1
-4.49991475859335e-07,-0.000669342632962699,1
-0.0571959294466999,0.0141974391278968,1
0.0316147416685728,-0.0288771554835167,1
-0.0136988245104182,0.0195754440209011,1
0.0047078527243416,0.00975905148188216,1
-0.0355982896474933,-0.0320852369294139,1
0.00076648090068554,-0.0278834664351275,1
-0.00611202254670418,0.0341634955271102,1
-0.0108445006954521,-0.00868799658470865,1
0.0461044482863471,-0.0344874073305692,1
-0.0326530183394749,0.029583566048365,1
0.0203125770345152,-0.0120980764223253,1
-0.0326527711411277,-0.0202620274020627,1
-0.016901698519256,0.0124994521597488,1
0.0332946306949422,-0.0424757005975567,1
-0.0415448055537242,-0.0555211924037595,1
-0.0326528214702939,-0.00714002640814115,1
-0.0411904763164577,0.0772175029064962,1
-0.00912845139947427,-0.0311351808226448,1
-0.000155772781331498,0.00127132390492946,1
0.0163515559275735,0.00967927573265503,1
-0.0511537591151532,0.00938076741511962,1
-0.00306644102935572,-0.0101154194545159,1
0.0151207453876303,-0.021368656552009,1
-0.0653055530974302,0.00849302741394031,1
-0.0914572262094686,0.00305586391915336,1
-0.0161292044641377,-0.0303202339887036,1
0.0405380395013808,-0.15204974247015,1
-0.0179233281505249,-0.00152606785746501,1
-0.0357226337227754,0.0270125960832996,1
-0.0331273983155327,-0.0290223083044354,1
-0.00773178558820464,0.116844650595078,1
0.00854571020692418,0.0010630173009667,1
-0.0607858395399097,-0.0329283267814602,1
-0.0185934983841551,-0.00316601577325759,1
0.0245987726881611,-0.0385109044266815,1
0.0421102543036656,0.237839675374564,1
0.0433918087203642,0.0358051497941299,1
0.00797822495661449,0.00716530015768058,1
0.0264935636356434,0.0334248117139651,1
-0.0408416777784508,-0.0153901085265085,1
-0.0174543211834883,0.00537718095126083,1
-0.0405126360889128,-0.027877284670208,1
-0.0152110725197812,0.0241247674943035,1
0.0465861427175813,0.022065237797949,1
0.00591691991684562,0.0215311503358088,1
-0.077990870885581,-0.0026349725046535,1
0.00172858406882148,0.0162383319039481,1
0.0221688032343201,-0.0362572100283163,1
0.0165488979964781,0.00444989914952687,1
0.00584191043476401,0.037974388359456,1
-0.0462264329242061,0.0256382336606895,1
0.00191982749796349,0.0100458534423833,1
-0.0471287942271528,-0.0196218898790435,1
0.00909601617889999,0.0780596870865711,1
-0.019275261751529,-0.0234706629634998,1
0.0964676766887038,0.0604852918461267,1
-0.0249617332998795,0.11511066380093,1
0.0185190871191623,-0.0257551794591726,1
0.0331458811311018,-0.00117841765684612,1
-0.0429085080336096,0.0347263855661274,1
0.322518563360281,0.320258844508635,1
-0.0237835971692768,0.0198959682879638,1
-0.0150709655882439,-0.00314537226488443,1
0.0232123775512016,0.0160715844074522,1
0.0485683234639831,0.181372306627344,1
-0.0221991396404269,0.00831348745272842,1
-0.0500199669200365,0.016119181996662,1
-0.000963064288773241,0.0257574921812344,1
0.00731089791956152,-0.0131719973751732,1
-0.0577903160331961,0.040334054198538,1
0.0425081895094646,0.0440442355660178,1
-0.0119508586508141,-0.0152809869190222,1
0.0291087794522231,0.00492002616488119,1
-0.0136664800412643,0.0203829941176626,1
-0.0194962551534497,-0.0192833825303922,1
-0.053141980874841,-0.0174663359508238,1
-0.914285674026139,1.00431011572098,1
-0.0262873623243767,-0.031106719970696,1
-0.014951804762342,-0.0393049667631851,1
-0.0210537446923438,-0.0142102690973308,1
-0.0760055883801347,-0.0227018332246189,1
0.00688217940216052,0.0206472673645173,1
0.0137298247810043,0.0233715431405159,1
-0.0248507576161641,0.0233514514010555,1
0.0188728013823638,-0.0563930216752573,1
-0.0596255824648335,0.0110478775150344,1
-0.0219409320307427,0.0154778480412642,1
-0.0326534606485065,-0.0604852562493966,1
-0.0416487447953564,-0.0432245907479751,1
-0.0928305688057489,-0.0320490618431551,1
-0.00730431274618693,0.0214767188803417,1
-0.0010534754891347,0.00172399902067921,1
-0.00541165037716707,0.0159108796552208,1
-0.00291772013621516,0.010531366955105,1
-0.0171281626253446,-0.0405749410334114,1
-0.0276673082754169,-0.0289095100112609,1
-0.0159923091159291,0.0466818298172385,1
-0.0117943675638503,0.0146188145368275,1
0.0279045180560495,0.00711514744918351,1
-0.00671225762100147,0.0226964434791451,1
-0.0683074554861802,0.00950484868603874,1
-0.0136406480679931,-0.00433815535625337,1
0.0341882978634778,-0.0510126050609192,1
-0.027104476960365,0.0778409415367253,1
-0.0474314477631497,-0.119292735939719,1
-0.0170687343589038,-0.0508612247258728,1
0.00479722605251842,-0.0625786856725338,1
0.0244222675520669,0.00671303890098818,1
-0.0284954451616561,-0.0473683868468244,1
-0.0635271229964049,-0.00344016303241323,1
-0.0464519240925136,-0.0162619321198687,1
-0.0457916277121022,0.00595434611571921,1
-0.0115713693658768,0.081297688890992,1
-0.0393892977132815,-0.0120619084378617,1
0.0501916036209753,0.064226662423325,1
-0.00708363741484352,-0.016408712389675,1
-0.0188719229736347,-0.00551129738257272,1
-0.0408128260617659,-0.00723220861048535,1
1.27188464205119e-08,0.0251591732294236,1
0.100095828750471,-0.0370256116854342,1
-9.54419629994874e-08,0.0287824066044223,1
0.0401217285204212,-0.00509528490991662,1
-0.0353409537920224,0.0351649479862295,1
-0.0236045102846552,0.0291119671520423,1
0.00975812254755648,0.0366110671289388,1
0.00657756017590616,-0.013570912367096,1
-0.0241947753634804,0.088201381876748,1
-0.05407889470267,0.0190639340428053,1
-0.0442536560586579,0.055804933252851,1
-0.00787828157461745,0.00478727532356016,1
-0.00719918494638172,-0.0311418252048153,1
-0.0151096780796278,0.00999548834428277,1
-0.0510977107895936,0.0912280722886939,1
-0.070896846298097,0.0498066123046261,1
-0.0185646408396187,0.00202476985170486,1
-0.0388444016060152,-0.016901629208306,1
-0.0422320286933124,-0.21460286488507,1
-0.0530448870290279,-0.00557033056278256,1
0.00802034212007907,0.0490329088959478,1
-0.0341969029018672,0.0472056466997999,1
-0.0979397326070519,0.321153891319378,1
-0.0496767318996916,-0.0227700288118646,1
0.0318711467617641,0.0548820510548644,1
-0.0388729850080645,-0.0101952498809784,1
0.316602883969756,0.348111696258052,1
-0.0433759231250839,-0.0446052721647303,1
-0.0398219984816903,0.000885331518518218,1
0.0168585440752005,-0.0314834283030769,1
-0.0696936333331957,-0.0953406280008977,1
-0.0212128645777276,-0.000176653836780338,1
-0.0392995163970777,-0.0755123695633024,1
0.0485948937040646,0.0119055679879532,1
0.00429782837837878,-0.0488135355281436,1
-0.0313783656503452,-0.027946662681916,1
0.0334511443088235,-0.0151405895408965,1
-2.67699359790541e-07,0.0214161154558167,1
0.00111709634055313,0.195554021509369,1
-0.0257426543145762,0.0232617148940892,1
-0.0374807808720508,-0.0202164133149219,1
0.00533369850256471,-0.0411772801610576,1
-0.0653063636885797,-0.0197192249616827,1
-0.0609617849036608,0.0313538440497318,1
0.0122977924422558,-0.0464282900217472,1
-0.0382118106410221,0.000148035991658579,1
-0.077186705307045,0.474824500756167,1
-0.0311382510705447,0.0359684110851002,1
-0.0182838441134359,0.00785450457688475,1
-0.0573456719729946,0.0723120731177636,1
-0.0259809318508493,-0.0166172951247472,1
-0.00775763802361928,0.0176167949785822,1
0.00743920415859289,-0.0170638147499327,1
-0.0182665623745304,-0.0222588642067725,1
-0.261176689996952,-0.425159044359208,1
-0.0348268895183885,-0.135771293929813,1
-0.0766159452603272,-0.0146281366404182,1
-0.050801030199237,-0.0164471590897943,1
-0.0405322184438446,0.00754053419212397,1
-0.0851125442649667,0.00208591222349042,1
-0.0370564559082374,0.0445593398776885,1
0.0336733533106344,0.00186256992132039,1
-0.0326540018599739,-0.00618851193447356,1
0.0121611016951073,0.0372942945231547,1
-0.0396559019355314,-0.0208455375475125,1
0.00941610513106017,0.0614973435817837,1
-0.0198593872234551,0.167864504979589,1
-0.0449911559463885,-0.0451453086327339,1
-0.000487785310797628,-0.0342114376350866,1
0.0209296902923386,-0.0125242745625711,1
1.11584230966244e-07,-0.0254769328742229,1
-0.0237807032046291,-0.0103703609324759,1
0.0403527969750079,-0.013244107319824,1
-0.0552498018390919,0.0156489345463467,1
-0.0258136204148895,0.0454083593593454,1
-0.0205941408265409,-0.0330432873386749,1
-0.00278646015291084,-0.00724088906156917,1
0.029227942040668,0.0201126194167204,1
-0.0550814951477117,-0.0648343214805115,1
-0.0165406274782922,-0.0343430719440724,1
0.00759447286362547,0.0544383911793858,1
-0.0418232286066198,-0.185412409442407,1
-0.00387155637185455,0.00352479456054811,1
0.0314313733786893,0.0458897239714728,1
1.20243890955329e-06,-0.00475583355836395,1
-0.0173985970935568,-0.00503056639030297,1
-0.0354666762288642,0.0249604813495836,1
-0.0544961269263105,-0.0059402306116666,1
-0.0329085257754911,-0.0209465988429967,1
-0.00811568867070012,-0.0450828573432241,1
-0.0398408514657473,-0.0174527746673199,1
-0.0287548341413559,-0.0184151365100952,1
-0.0160900692003279,-0.0211966816004032,1
-0.0576778323730269,0.0248445379994973,1
-0.053076136855436,0.00783899531183396,1
-0.040898623952295,0.0168336957529303,1
-0.087069378892852,-0.00312378665486879,1
0.0905413631221885,-0.0126535392071792,1
-0.00643998679416358,0.134545470757299,1
-0.0332042950255638,0.0257240047936176,1
-0.0367722624491431,-0.0195489191808067,1
0.0797292442707478,0.107337434323052,1
-0.0413862781321401,0.0622000187643081,1
-0.0321792605975573,-0.00737461622587077,1
0.136582791780823,0.0141833638424558,1
-0.0147486715474823,0.0532360265105528,1
-0.0406802569214639,-0.062306462946417,1
0.00151815338087902,-0.0110000742169318,1
0.0978512229317887,0.0276039736665395,1
-0.0431894657340139,0.0157905168763942,1
-0.00597192835592897,-0.201051205129979,1
-0.021390177462155,0.00230489762721786,1
0.00912687033664605,-0.0175723845215405,1
-0.021336640083758,-0.00895202213861146,1
-0.0403915771334633,0.0424020146464066,1
-0.0257610660996817,0.00886390745163945,1
-0.0187629904747084,-0.00742990404152322,1
-0.0419480092713562,0.0183135593660497,1
-0.0653061982767975,0.0391600043950662,1
-0.0217130856357681,0.0105311922165969,1
0.070284493425367,-0.0813868910103616,1
-0.0428229863670757,0.00220364742851309,1
